


INSERT INTO USER (US_ID, US_PW, US_NAME, US_AUTHORITY) VALUES
('admin', 'admin123', '관리자1', 'ADMIN'),
('user1', 'pass123', '유저1', 'USER'),
('user2', 'pass456', '유저2', 'USER');


INSERT INTO PROGRAM (PG_KEY, PG_NAME) VALUES
('PG001', '무한도전'),
('PG002', '런닝맨'),
('PG003', '나 혼자 산다'),
('PG004', '유 퀴즈 온 더 블럭'),
('PG005', '놀면 뭐하니?'),
('PG006', '1박 2일'),
('PG007', '복면가왕'),
('PG008', '쇼미더머니'),
('PG009', '미스터트롯'),
('PG010', '나는 솔로'),
('PG011', '강철부대'),
('PG012', '골 때리는 그녀들'),
('PG013', '삼시세끼'),
('PG014', '하트시그널'),
('PG015', '비정상회담'),
('PG016', '무비박스'),
('PG017', '드라마 스페셜'),
('PG018', '수요미식회'),
('PG019', '맛있는 녀석들'),
('PG020', '도시어부');



INSERT INTO CHANNEL (CH_NAME) VALUES
('KBS'),('MBC'),('SBS'),('tvN');


INSERT INTO CHANNEL_PRO (CP_PG_KEY, CP_CH_NUM) VALUES
('PG001', 2), 
('PG002', 3), 
('PG003', 2), 
('PG004', 1), 
('PG005', 2),
('PG006', 1), 
('PG007', 2), 
('PG008', 4), 
('PG009', 4), 
('PG010', 2),
('PG011', 3), 
('PG012', 2), 
('PG013', 2), 
('PG014', 2), 
('PG015', 4),
('PG016', 3), 
('PG017', 1), 
('PG018', 1), 
('PG019', 1), 
('PG020', 2);


INSERT INTO GENRE (GR_NAME) VALUES
('예능'),('드라마'),('음악'),('연애'),('토크'),('영화'),('음식'),('뉴스'),('시사'); 

INSERT INTO PROGRAMGENRE (PR_PG_KEY, PR_GR_NUM) VALUES
('PG001', 1), 
('PG002', 1), 
('PG003', 1), 
('PG004', 5), 
('PG005', 1),
('PG006', 1), 
('PG007', 3), 
('PG008', 3), 
('PG009', 3), 
('PG010', 4),
('PG011', 1), 
('PG012', 1), 
('PG013', 1), 
('PG014', 4), 
('PG015', 5),
('PG016', 6), 
('PG017', 2), 
('PG018', 7), 
('PG019', 7), 
('PG020', 1);


INSERT INTO BROAD_WEEK (WE_KEY, WE_NAME) VALUES
 (0, '일'), (1, '월'), (2, '화'), (3, '수'), (4, '목'), (5, '금'), (6, '토');
 
 
INSERT INTO BROADTIME (BT_DATE, BT_STARTTIME, BT_ENDTIME, BT_WE_KEY, BT_CP_NUM) VALUES
('2025-03-10', '21:00:00', '22:30:00', 0, 1),
('2025-03-11', '20:30:00', '22:00:00', 1, 2),
('2025-03-12', '19:00:00', '20:30:00', 2, 3),
('2025-03-13', '22:00:00', '23:30:00', 3, 4),
('2025-03-14', '18:30:00', '20:00:00', 4, 5),
('2025-03-15', '20:00:00', '21:30:00', 5, 6),
('2025-03-16', '21:30:00', '23:00:00', 6, 7);



INSERT INTO USER_INDEX (IN_US_KEY, IN_PG_KEY) VALUES
(2, 'PG002'),(2, 'PG005'),(2, 'PG007'),(2, 'PG009'),
(3, 'PG007'),(3, 'PG008'),(3, 'PG005');

INSERT INTO PROGRAMGENRE (PR_PG_KEY, PR_GR_NUM) VALUES
('PG001', 3),('PG001', 4),('PG001', 5); 







